Exhibitor,Email,Website,City,Facebook,Instagram,Twitter,Address
1Shanthiroad,1.shanthiroad@gmail.com,http://1shanthiroad.com/,Bengaluru,https://www.facebook.com/1shanthiroad/,https://www.instagram.com/1.shanthiroad/,,"#1, Shanthi Rd, Bheemanna Garden, Shanti Nagar, Bengaluru, Karnataka 560027"
1x1 Art Gallery,info@1x1artgallery.com,http://www.1x1artgallery.com/,Dubai,https://www.facebook.com/1X1artgalleryuae,https://www.instagram.com/1x1artgallery/,,Alserkal Avenue - B10 - شارع ٨ - Al Quoz - القوز 1 - Dubai - United Arab Emirates
aequo,enquire@aequo.in,https://aequo.in,Mumbai,,https://www.instagram.com/__aequo__/,,"Unit N° 11, 1st Floor, Devidas Mansion, B K Boman Behram Marg, Apollo Bandar, Colaba, Mumbai, Maharashtra 400001"
Aicon,harry@aicongallery.com,http://www.aicongallery.com/,New York,facebook.com/AiconGallery/,https://www.instagram.com/aicongallery/,,"35 Great Jones St, New York, NY 10012, United States"
Aicon Contemporary,lena@aicongallery.com,http://aiconcontemporary.com/,New York,https://www.facebook.com/Aicon-Contemporary-2439311949431096,https://www.instagram.com/aiconcontemporary/,https://twitter.com/aiconcontemp,"35 Great Jones St, New York, NY 10012, United States"
Akar Prakar,info@akarprakar.com,https://www.akarprakar.com,Kolkata,https://www.facebook.com/akarprakarccu,https://www.instagram.com/akar.prakar/,,"P 238, Hindustan Park Rd, Golpark, Hindustan Park, Gariahat, Kolkata, West Bengal 700029"
Akara Art,meghna@akaraart.com,http://akaraart.com/,Mumbai,https://www.facebook.com/akaraart.mumbai/,https://www.instagram.com/akaraart/,,"Flat 4/5 1st floor, Churchill Chambers, 32, B K Boman Behram Marg, Apollo Bandar, Colaba, Mumbai, Maharashtra 400001"
Anant Art,contact@anantart.com,http://www.anantart.com/,Noida,https://www.facebook.com/anantart.com1,https://instagram.com/anantartgallery,https://twitter.com/Anantartin,"A-21, Vyapar Marg, Block A, Sector 5, Noida, Uttar Pradesh 201301"
Anupa Mehta Contemporary Art,info@anupamehtaarts.com,https://www.anupamehtaarts.com/,Mumbai,,,,"Ground floor, Royal Terrace, 58, Wodehouse Rd, near Charagh Din, Colaba, Mumbai, Maharashtra 400005"
Apparao Galleries,gallery@apparaoart.com,https://www.instagram.com/apparaogalleriesindia/?hl=en,Chennai,,,,"No. 7, Wallace Gardens 3rd Street, Nungambakkam, Chennai, Tamil Nadu 600006"
Archer Art Gallery,info@archerindia.com,http://www.archerindia.com/,Ahmedabad,https://www.facebook.com/ArcherArtGallery/,https://www.instagram.com/archerartgallery/,,"1st Floor, Phoenix Near, Vijay Cross Rd, N.K.Group Society, Navarangpura, Roads, Navrangpura, Ahmedabad, Gujarat 380009"
Art Alive Gallery,sunaina@artalivegallery.com,http://www.artalivegallery.com/,New Delhi,https://www.facebook.com/Art-Alive-Gallery-1458750674340639/,https://www.instagram.com/artalivegallery/,,"S-221, Gamal Abdel Nasser Marg, Block S, Panchsheel Park South, Panchsheel Park, New Delhi, Delhi 110017"
Art Centrix Space,info@artcentrix.com,https://artcentrix.com,New Delhi,https://www.facebook.com/Art-Centrix-Space-105144117680047/,https://www.instagram.com/artcentrixspace/,https://twitter.com/artcentrixspace/,"Jain Farm, 2, near The Heritage School, behind Sector D, Vasant Kunj, New Delhi, Delhi 110070"
Art Explore,info@artexplore.in,https://artexplore.in,New Delhi,,https://www.instagram.com/artexplore/,,"E 55, Panchsheel Park North, Panchsheel Park, New Delhi, Delhi 110017"
Art Heritage,ahg@artheritagegallery.com,http://www.artheritagegallery.com,New Delhi,,https://www.instagram.com/artheritagegallery/,,"205, Tansen Marg, Todermal Road Area, Mandi House, New Delhi, Delhi 110001"
Art Incept,artincept@artpilgrimlive.com,https://www.facebook.com/artinceptbyartpilgrim/,Gurugram,,,,"227 South Point Mall, Golf Course Rd, DLF Phase 5, Gurugram, Haryana 122002"
Art Musings,art@artmusings.net,http://www.artmusings.net,Mumbai,,,,"Admiralty Building, Colaba Cross Ln, Cuffe Parade, Mumbai, Maharashtra 400005"
ARTDISTRICT XIII,artdistrict13@gmail.com,http://www.artdistrict13.com/,New Delhi,https://www.facebook.com/pages/Artdistrict-13/382377221906974,https://www.instagram.com/artdistrict13/,https://twitter.com/artdistrict13,"F-213 A, Ground Floor, Old M B Road, Lado Sarai, New Delhi, Delhi 110030"
Atelier Ashiesh Shah,studio@aahome.in,https://www.ashieshshah.com/atelier,Mumbai,,http://instagram.com/ashieshshah,,"Nos. 3 &amp; 4, Ground floor , Kailash Nagar CHS, Forjett Hill Road, Near, Bhatia Hospital Ln, Tardeo, Mumbai, Maharashtra 400007"
Australian High Commission,ahc.newdelhi@dfat.gov.au,https://india.highcommission.gov.au/,New Delhi,,,,"Panchsheel Marg, 1/50G, Shantipath, Opposite British High Commission, Chanakyapuri, New Delhi, Delhi 110021"
Blueprint12,blueprint2012@gmail.com,http://www.blueprint12.com,New Delhi,,,,"C - 66, Anand Niketan, New Delhi, Delhi 110021"
Britto Arts Trust,brittoarts@yahoo.com,http://www.brittoartstrust.org/,Dhaka,https://www.facebook.com/BrittoArtsTrust,,,"Britto Arts Trust 33,33/1 Green Mart 1st Floor, Space no: 208-210 Green Road, Dhaka 1205 Bangladesh, Green Rd, Dhaka, Bangladesh"
Bruno Art Group,info@brunoartgroup.com,https://www.brunoartgroup.com/,Tel Aviv,https://www.facebook.com/brunogallery/,https://www.instagram.com/brunoartgroup/,,"HaTa'arucha St 3, Tel Aviv-Yafo, Israel"
Carpenters Workshop Gallery,london@carpentersworkshopgallery.com,https://carpentersworkshopgallery.com/,London,,,,"79 Barlby Rd, London W10 6AZ, United Kingdom"
Chatterjee & Lal,info@chatterjeeandlal.com,http://chatterjeeandlal.com/,Mumbai,https://www.facebook.com/pages/Chatterjee-Lal/108785872518710,https://instagram.com/chatterjeeandlal/,https://twitter.com/CandLgallery,"Floor 1, Kamal Mansion, 01/18, Arthur Bunder Rd, Colaba, Mumbai, Maharashtra 400005"
Chawla Art Gallery,sc@chawla-artgallery.com,http://www.chawla-artgallery.com/,New Delhi,https://www.facebook.com/chawlaartgallery/,https://www.instagram.com/chawlaartgallery/,,"Square One Mall, Ground Floor, C2, District Centre, Saket, New Delhi, Delhi 110017"
Chemould Prescott Road,gallerychemould@gmail.com,http://www.gallerychemould.com/,Mumbai,https://www.facebook.com/ChemouldPrescottRoad/,https://www.instagram.com/chemouldprescottroad/,,"3rd floor, Queens Mansion, Ghanshyam Talwatkar Marg, Azad Maidan, Fort, Mumbai, Maharashtra 400001"
Clay in Common: Multiple artists by Indian Ceramics Triennale,indianceramicstriennale@gmail.com,https://www.indianceramicstriennale.com/,New Delhi,https://www.facebook.com/IndianCeramicsTriennale/,https://www.instagram.com/indianceramicstriennale/,,"A-98, Nangal Dewat, Sector D, Vasant Kunj, New Delhi, Delhi 110070"
CP Kukreja Foundation for Design Excellence,cpka@cpkukreja.com,https://www.cpkukreja.com/,New Delhi,https://www.facebook.com/CPKukrejaArchitects/,https://www.instagram.com/cpkukrejaarchitects/,https://twitter.com/cpkukreja,"Aashirwad Complex, Block D1, Green Park, New Delhi, Delhi 110016"
Crayon Art Gallery,art@crayonartgallery.com,https://www.crayonartgallery.com,New Delhi,https://www.facebook.com/pages/Crayon-Capital-Art/157589817635739,,https://twitter.com/CrayonCapital,"Claridges Hotel, 12, Dr APJ Abdul Kalam Rd, Tees January Road Area, Motilal Nehru Marg Area, New Delhi, Delhi 110011"
DAG,danish.saifi@dagworld.com,https://dagworld.com,New Delhi,https://www.facebook.com/DAGworld,https://www.instagram.com/dag.world/,https://twitter.com/dagworld,"22A, Janpath Rd, Windsor Place, New Delhi, Delhi 110001"
de Gournay,info@degournay.com,https://degournay.com/,London,,https://www.instagram.com/degournay/,,"112 Old Church St, London SW3 6EP, United Kingdom"
Delhi Crafts Council,delhicraft@gmail.com,http://www.delhicraftscouncil.org/,New Delhi,https://www.facebook.com/delhicraftscouncil/,https://www.instagram.com/delhicraftscouncil/,,"116a, 1, Shahpur Jat, Siri Fort, New Delhi, Delhi 110049"
Dhi Artspace,contact@dhiart.com,https://dhiart.com/,Hyderabad,https://www.facebook.com/dhiartspace,https://www.instagram.com/dhi_artspace_gallery/,https://twitter.com/Dhi_Artspace,"#7-1-54/2/C, Ground Floor, Sri Guru Krupa, Servo Towers Road, Anandbagh,, near Kanya Gurukul School, Ameerpet, Hyderabad, Telangana 500016"
Dhoomimal Gallery,info@dhoomimalgallery.com,http://dhoomimalgallery.com/,New Delhi,,,,"G 42, Connaught Cir, Block G, Connaught Place, New Delhi, Delhi 110001"
Digital Display by Los Angeles County Museum of Art (LACMA),ticketoffice@lacma.org,https://www.lacma.org,Los Angeles,https://www.facebook.com/LACMA,https://www.instagram.com/lacma/,https://twitter.com/lacma,"5905 Wilshire Blvd, Los Angeles, CA 90036, United States"
Egaro Photo Festival,egarochobiutsav@gmail.com,https://www.egarophotofestival.com/,Agartala,https://www.facebook.com/BOINARI2016/,https://www.instagram.com/egarophotofestival/,,"799211, Colonel Mahim Thakur Sarani, Old RMS Chowmuhani, Krishna Nagar, Agartala, Tripura 799001"
Emami Art,contact@emamiart.com,http://www.emamiart.com/,Kolkata,https://www.facebook.com/emamiart,https://www.instagram.com/,https://twitter.com/emamiart,"777, opp. Eastern Metropolitan Bypass Road, Anandapur, Adarsha Nagar, Kolkata, West Bengal 700107"
Exhibit 320,exhibit320@gmail.com,http://www.exhibit320.com/,New Delhi,http://www.facebook.com/pages/Exhibit-320/329154587454,https://www.instagram.com/exhibit320/,https://twitter.com/exhibit320,"F-320, Old M B Road, Chatri Wala Kuan, Lado Sarai, New Delhi, Delhi 110030"
Experimenter,admin@experimenter.in,https://experimenter.in/,Kolkata,https://www.facebook.com/pg/ExperimenterGallery/,https://www.instagram.com/experimenterkol/,https://twitter.com/experimenterkol,"2/1, Hindustan Rd, Dover Terrace, Ballygunge, Kolkata, West Bengal 700029"
Foundation for Indian Contemporary Art (FICA) x JSW Foundation,info@ficart.org,http://www.ficart.org/,New Delhi,https://www.facebook.com/FoundationforIndianContemporaryArt,http://www.instagram.com/fica_india,,"F 213, E - 2, Second Floor, Nai Basti, Lado Sarai, New Delhi, Delhi 110030"
Galerie Geek Art,info@geekpictures.in,http://geek.art/,New Delhi,https://www.facebook.com/GEEKARTCORE,https://www.instagram.com/galerie.geekart/,,"6 &amp; 7 Plot No, LSC Sec, 5, Pocket 6, Sector C, Vasant Kunj, New Delhi, Delhi 110070"
Galerie ISA,Info@galerieisa.com,http://galerieisa.com/,Mumbai,https://www.facebook.com/Galerieisa/,https://www.instagram.com/galerie_isa/,,"Ground Floor, Kamani Chambers, Ramji Kamani Marg, opposite SBI, Ballard Estate, Fort, Mumbai, Maharashtra 400038"
Galleria Continua,inquire@galleriacontinua.com,https://www.galleriacontinua.com/,San Gimignano,https://www.facebook.com/galleriacontinua/,https://www.instagram.com/galleriacontinua/,https://twitter.com/gcontinua,"Via del Castello, 11, 53037 San Gimignano SI, Italy"
GALLERIE NVYĀ,info@gallerienvya.com,http://www.gallerienvya.com/intro.php,New Delhi,https://www.facebook.com/GallerieNvya/,https://www.instagram.com/gallerienvya/,,"By Appointment Only, A-29, Block A, Friends Colony East, New Friends Colony, New Delhi, Delhi 110065"
Gallerie Splash,sales@galleriesplash.com,https://www.galleriesplash.com,Gurugram,https://www.facebook.com/galleriesplash,https://www.instagram.com/galleriesplash/,,"Saraswati Kunj, 87 F, Golf Course Rd, Parsvnath Exotica, Sector 53, Gurugram, Haryana 122011"
Gallery Art Exposure,artexposure75@gmail.com,https://artexposure.in/,Kolkata,,,,"54B, Mahanirban Rd, Dover Terrace, Ballygunge, Kolkata, West Bengal 700029"
Gallery Espace,art@galleryespace.com,http://galleryespace.com/,New Delhi,https://www.facebook.com/GalleryEspace,https://www.instagram.com/GalleryEspace,https://twitter.com/GalleryEspace,"16, Trimurti Building, Sujan Mohinder Rd, near Surya Hotel, Block A, New Friends Colony, New Delhi, Delhi 110025"
GALLERY MASKARA,info@gallerymaskara.com,https://gallerymaskara.com/,Mumbai,,,,"No. 6, 7, 3rd Pasta Ln, Railway Colony, Apollo Bandar, Colaba, Mumbai, Maharashtra 400005"
Gallery Ragini,galleryragini@gmail.com,http://www.galleryragini.com/,New Delhi,https://www.facebook.com/galleryragini,https://www.instagram.com/galleryragini,,"A 1/1, Rajouri Garden, New Delhi, Delhi 110027"
Gallery Veda,info@galleryveda.com,http://www.galleryveda.com/,Chennai,https://www.facebook.com/galleryveda,https://www.instagram.com/galleryveda/,https://twitter.com/galleryveda,"4/22, Rutland Gate 5th St, behind address home, Srirampuram, Thousand Lights West, Nungambakkam, Chennai, Poombukar Nagar, Tamil Nadu 600006"
GALLERYSKE,sunitha@galleryske.com,http://www.galleryske.com/,New Delhi,,,,"A-4 Green Avenue Street Off Green Avenue, Church/Mall Road, Vasant Kunj, New Delhi, Delhi 110070"
Grosvenor Gallery,art@grosvenorgallery.com,https://www.grosvenorgallery.com/,London,https://www.facebook.com/GrosvenorGallery,https://www.instagram.com/grosvenorgallery/,https://twitter.com/grosvenorart,"35 Bury St, London SW1Y 6AU, United Kingdom"
Gunjan Gupta,inquiries@gunjangupta.in,https://gunjangupta.in,New Delhi,,,,"21 Vigyan Vihar Anand Vihar, near Yamuna Sports Complex, Gate No-2Delhi 110092, New Delhi, Delhi 110092"
Indigo+Madder,info@indigoplusmadder.com,https://indigoplusmadder.com,London,,https://www.instagram.com/indigoplusmadder/,,"14 Great Turnstile, London WC1V 7HH, United Kingdom"
Inherited Arts Forum,inheritedartsforum@gmail.com,http://www.inheritedartsforum.com,New Delhi,https://www.facebook.com/inheritedartsforum,https://www.instagram.com/inheritedartsforum/,,"No.1, Hauz Khas Village, Deer Park, Hauz Khas, New Delhi, Delhi 110016"
Iram Art,harssh@iramart.in,https://iramart.in/index.html,Ahmedabad,,,,"502/503, Block-A, Navratna Corporate Park, Road, Ambli, Bopal, Ahmedabad, Gujarat 380058"
Jhaveri Contemporary,info@jhavericontemporary.com,http://www.jhavericontemporary.com/,Mumbai,,,,"3rd Floor, Devidas Mansion, B K Boman Behram Marg, Apollo Bandar, Colaba, Mumbai, Maharashtra 400001"
Kalakriti Art Gallery,rekha@kalakriti.in,https://www.kalakritiartgallery.com,Hyderabad,,,,"Plot 8-2-465/1, Road No 4, near Hyatt Place, Green Valley, Banjara Hills, Hyderabad, Telangana 500034"
Karishma Swali & Chanakya School of Craft,info@chanakya.school,https://www.chanakya.school/,Mumbai,,https://www.instagram.com/chanakya.school/,,"A-501, 5th Floor, Peninsula Business Park Tower - A Ganpat Rao Kadam Marg, W, Lower Parel, Mumbai, Maharashtra 400013"
Kiran Nadar Museum of Art (KNMA),jijo.jose@hcl.com,http://www.knma.in/,New Delhi,https://www.facebook.com/KiranNadarMuseumOfArt,https://www.instagram.com/knmaindia/,https://twitter.com/KNMAindia,"No. 145, DLF South Court Mall, near Select Citywalk Mall, Saket District Centre, District Centre, Sector 6, Saket, New Delhi, Delhi 110017"
Korean Cultural Centre India,info@koreanculture.in,https://india.korean-culture.org/en,New Delhi,https://www.facebook.com/koreanculturalcentreindia,https://www.instagram.com/koreanculturalcentreindia/,https://twitter.com/KCC_INDIA,"25-A, Ring Rd, Vikram Vihar, Lajpat Nagar IV, Lajpat Nagar, New Delhi, Delhi 110024"
Latitude 28,latitude28@gmail.com,https://www.latitude28.com/,New Delhi,https://www.facebook.com/GalleryLatitude28,https://www.instagram.com/latitude_28,https://twitter.com/latitude_28,"Shop No. 9, Second Floor, above The Goodearth Store, Khan Market, New Delhi, Delhi 110003"
Marc Straus,info@marcstraus.com,https://www.marcstraus.com,New York,,,,"299 Grand St, New York, NY 10002, United States"
MASH,57mashindia@gmail.com,https://www.mashindia.com,New Delhi,https://www.facebook.com/mashindiaa,https://www.instagram.com/affordableartfairuk/,,"57, Golf Links, New Delhi, Delhi 110003"
Method,sahil@themethod.in,https://themethod.art/,Mumbai,,,,"86, Nagindas Master Rd, Kala Ghoda, Fort, Mumbai, Maharashtra 400001"
Nature Morte,info@naturemorte.com,http://www.naturemorte.com/,New Delhi,,,,"A-7, Poorvi Marg, Block A, Vasant Vihar, New Delhi, Delhi 110057"
neugerriemschneider,mail@neugerriemschneider.com,https://www.neugerriemschneider.com/,Berlin,,,,"Linienstraße 155, 10115 Berlin, Germany"
Ojas Art,art@ojasart.com,https://ojasart.com/,New Delhi,https://www.facebook.com/ojas.art/,https://www.instagram.com/ojasart/,https://twitter.com/OjasArt,"1AQ, Near Qutub Minar, Mehrauli, New Delhi, Delhi 110030"
Palette Art Gallery,paletteart@gmail.com,http://www.paletteartgallery.com/,New Delhi,,,,"14, Golf Links, New Delhi, Delhi 110003"
PHOTOINK,gallery@photoink.net,http://www.photoink.net/,New Delhi,,,,"A-4 Green Avenue Street Off Green Avenue, Church Rd, Vasant Kunj, New Delhi, Delhi 110070"
Pichvai Tradition And Beyond,pichvai@ruh.co.in,https://www.pichvaitraditionandbeyond.in,New Delhi,,,,
Project 88,contact@project88.in,http://www.project88.in/,Mumbai,https://m.facebook.com/project88,https://www.instagram.com/project88mumbai,,"WR7G+QGF, Ground Floor, B.M.P. Building, Narayan A Sawant Rd, Azad Nagar, Colaba, Mumbai, Maharashtra 400005"
Purushottam Public Trust,inbox.ppt@gmail.com,https://www.purushottampublictrust.in,Vadodara,,,,"C/40, Jay Yogeshwar Nagar Society, Laxmikunj Society Part 1, Anandvan Society, New Sama, Vadodara, Gujarat 390008"
Rooshad Shroff,info@rooshadshroff.com,https://rooshadshroff.com/,Mumbai,,,,"Sir Hc Dinshaw Building, 16, Horniman Circle, Kala Ghoda, Fort, Mumbai, Maharashtra 400001"
Rukshaan Art,rukshaankrishna@gmail.com,http://rukshaanart.com,Mumbai,,,,"2nd floor, Dresswalla House, 72, Shahid Bhagat Singh Rd, Fort, Mumbai, Maharashtra 400023"
Sakshi Gallery,art@sakshigallery.com,http://www.sakshigallery.com/,Mumbai,https://www.facebook.com/SakshiGallery,https://www.instagram.com/sakshigallery/,,"3rd Pasta Ln, Railway Colony, Apollo Bandar, Colaba, Mumbai, Maharashtra 400005"
Sanchit Art,info@sanchitart.in,http://www.sanchitart.in/,New Delhi,https://www.facebook.com/SanchitArtGallery,https://www.instagram.com/sanchitart/,,"167, DLF South Court Mall, Saket, near Holiday Inn Hotel, New Delhi, Delhi 110017"
Saskia Fernando Gallery,info@saskiafernandogallery.com,http://www.saskiafernandogallery.com/,Colombo,https://www.facebook.com/saskiafernandogallery,https://www.instagram.com/saskiafernandogallery,,"41 Horton Pl, Colombo 00700, Sri Lanka"
Serenity Arts,info@serenityarts.in,,New Delhi,,,,"Press Enclave, Saket, New Delhi, Delhi 110017"
Shrine Empire,info@shrineempiregallery.com,https://www.shrineempiregallery.com,New Delhi,https://www.facebook.com/ShrineEmpireGallery,https://www.instagram.com/shrineempire/,,"D-395, Dron Marg, Block D, Defence Colony, New Delhi, Delhi 110024"
Shrishti Art Gallery,gallery@shrishtiart.com,https://www.shrishtiart.com,Hyderabad,,,,"No: 267, Road no: 15 Jubilee Hills, Near Road No:10, Hyderabad, Telangana 500045"
Shrujan - Living and Learning Design Centre,info@shrujanlldc.org,https://www.shrujanlldc.org,Ajrakhpur,https://www.facebook.com/lldcshrujan,https://www.instagram.com/lldcshrujan/,,"705, Bhuj - Bhachau Hwy, Ajrakhpur, Reldi Moti, Gujarat 370105"
Space118,space118studios@gmail.com,https://www.space118.com,Mumbai,https://www.facebook.com/space118studios/,https://www.instagram.com/space.118/,,"Space 118, locally known as “Kirti warehouse, 118, J Rathod Marg, Mazgaon, Mumbai, Maharashtra 400010"
Students' Biennale,info@kochimuzirisbiennale.org,https://kochimuzirisbiennale.org,Kochi,,,,"1, 1903, Kunnumpuram Rd, Kunnumupuram, Fort Kochi, Kochi, Kerala 682001"
Studio Art,contact@studioartgallery.in,https://studioartgallery.in/,New Delhi,https://www.facebook.com/studioartgallery.newdelhi,https://www.instagram.com/studioartnewdelhi/,,"C.R. Park, J1948, Block J, Chittaranjan Park, New Delhi, Delhi 110019"
Studio Renn,info@studiorenn.com,https://studiorenn.com/,Mumbai,https://www.facebook.com/studio.renn,https://www.instagram.com/studio.renn/,,"EC7091, Bharat Diamond Bourse, G Block BKC, Bandra Kurla Complex, Bandra East, Mumbai, Maharashtra 400051"
Tao Art Gallery,info@taoartgallery.com,https://www.taoartgallery.com/,Mumbai,https://www.facebook.com/taoartgallery/,http://instagram.com/taoartgallery,,"165, The View, Dr Annie Besant Rd, Worli, Mumbai, Maharashtra 400018"
TARQ,info@tarq.in,http://www.tarq.in/,Mumbai,,https://www.instagram.com/tarqmumbai/,,"Ground Floor, KK (Navsari) Chambers, 39, AK Nayak Marg, Azad Maidan, Fort, Mumbai, Maharashtra 400001"
The Arts Family,info@theartsfamily.com,https://www.theartsfamily.com,London,,,,"Albany Centre, Douglas Way, London SE8 4AG, United Kingdom"
Threshold Art Gallery,thresholdart@gmail.com,http://www.gallerythreshold.com/,New Delhi,,,,"C-221, Block C, Sarvodaya Enclave, New Delhi, Delhi 110017"
TIFA | Evolving Culture Foundation,contact@tifastudios.in,https://www.evolvingculturefoundation.com/tifa-about-vision-mission,Pune,https://www.facebook.com/TaleraInstitute/,https://www.instagram.com/tifa_india/,,"12A Connaught Road, Sadhu Vaswani Chowk, next to Vijay Sales, Pune, Maharashtra 411001"
Transformations: Skarma Sonam Tashi and Philipp Frank by sā Ladakh and German Embassy,info@saladakh.com,https://www.saladakh.com/,Ladakh,,,,"Leh Leh Jammu and Kashmir, 194101"
Unnati Cultural Village,info@chaudharyfoundation.org,http://www.chaudharyfoundation.org/,Kathmandu,,,,"Gaidakot Harkapur-12, 33003, Nepal"
Vadehra Art Gallery,art@vadehraart.com,http://www.vadehraart.com/,New Delhi,https://www.facebook.com/vadehraart/posts/4107635959275370,https://www.instagram.com/vadehraartgallery/,,"D-40, Block D, Defence Colony, New Delhi, Delhi 110024"
Vida Heydari Contemporary,info@vhc.art,https://www.vhc.art/,Pune,https://www.facebook.com/vhc.art,https://www.instagram.com/vhc.art/,,"Marvel Alaina, Lane No. 8, Suyojana Society, Kavadewadi, Koregaon Park, Pune, Maharashtra 411001"
Vikram Goyal,info@vikram-goyal.com,https://vikram-goyal.com/,New Delhi,,https://www.instagram.com/vikramgoyalstudio/,,
Villa Swagatam,,,New Delhi,,,,"v 17, V-17, Ansari Nagar West, New Delhi, Delhi 110029"
Wonderwall,ajay@wonderwall.co.in,http://www.wonderwall.co.in/,New Delhi,https://www.facebook.com/wonderwall.co.in/,https://www.instagram.com/wonderwall_india/,,"F 213A Lado Sarai, Ground Floor Rear, New Delhi, Delhi 110030"
ZOCA,Info@zoca-art.com,https://www.zoca-art.com/,Ahmedabad,https://www.facebook.com/zocaart/,https://www.instagram.com/zoca_art/,,"T.P. No. 50, ZOCA Cafe, R C, F.P. No. 56/1 No 22/3, opp. Sterling cancer Hospital, Bodakdev, Ahmedabad, Gujarat 380054"
